{
  "baseline_dt": 0.003,
  "tested_dts": [
    0.003,
    0.0015,
    0.00075
  ],
  "key_column": "fin_ratio",
  "numeric_columns": [
    "avg_range_obs_m",
    "k_eff_kg_per_m",
    "range_sim_m",
    "dt_used_s"
  ],
  "primary_metric": "k_eff_kg_per_m",
  "headline_max_relative_change": {
    "dt_0p0015": {
      "k_eff_kg_per_m": 6.692255989700211e-05,
      "range_sim_m": 7.665143319062052e-07
    },
    "dt_0p00075": {
      "k_eff_kg_per_m": 8.190532365030633e-05,
      "range_sim_m": 1.1511135413186525e-06
    }
  },
  "full_summary": {
    "dt_0p0015": {
      "max_rel_avg_range_obs_m": 0.0,
      "max_rel_k_eff_kg_per_m": 6.692255989700211e-05,
      "max_rel_range_sim_m": 7.665143319062052e-07,
      "max_rel_dt_used_s": 0.5,
      "max_abs_avg_range_obs_m": 0.0,
      "max_abs_k_eff_kg_per_m": 1.0306856531999697e-06,
      "max_abs_range_sim_m": 1.5506562798250911e-06,
      "max_abs_dt_used_s": 0.0015,
      "n_common_points": 9
    },
    "dt_0p00075": {
      "max_rel_avg_range_obs_m": 0.0,
      "max_rel_k_eff_kg_per_m": 8.190532365030633e-05,
      "max_rel_range_sim_m": 1.1511135413186525e-06,
      "max_rel_dt_used_s": 0.7500000000000001,
      "max_abs_avg_range_obs_m": 0.0,
      "max_abs_k_eff_kg_per_m": 1.1572617754015968e-06,
      "max_abs_range_sim_m": 2.328699369780196e-06,
      "max_abs_dt_used_s": 0.0022500000000000003,
      "n_common_points": 9
    }
  }
}